{"cameraMode":{"drawMode":0,"name":"Shaded","section":"Shading Mode"},"sceneLighting":true,"audioPlay":false,"sceneViewState":{"m_AlwaysRefresh":false,"showFog":true,"showSkybox":true,"showFlares":true,"showImageEffects":true,"showParticleSystems":true,"showVisualEffectGraphs":true,"m_FxEnabled":true},"in2DMode":false,"pivot":{"x":0.026932716369628907,"y":-0.512962818145752,"z":0.9053298234939575},"rotation":{"x":0.07922737300395966,"y":0.0687275230884552,"z":-0.005475352983921766,"w":0.9944698810577393},"size":3.985208749771118,"orthographic":false}